Context,index,mid,display_name
5,8,/m/07p6fty,Shout
5,9,/m/07q4ntr,Bellow
5,10,/m/07rwj3x,Whoop
5,11,/m/07sr1lc,Yell
5,13,/t/dd00135,Children shouting
5,14,/m/03qc9zr,Screaming
4,22,/m/0463cq4,"Crying, sobbing"
4,23,/t/dd00002,"Baby cry, infant cry"
7,74,/m/0bt9lr,Dog
7,75,/m/05tny_,Bark
7,76,/m/07r_k2n,Yip
7,77,/m/07qf0zm,Howl
7,78,/m/07rc7d9,Bow-wow
7,79,/m/0ghcn6,Growling
7,80,/t/dd00136,Whimper (dog)
7,107,/m/07qwf61,Honk
7,108,/m/01280g,Wild animals
7,109,/m/0cdnk,"Roaring cats (lions, tigers)"
3,300,/m/07yv9,Vehicle
3,306,/m/012f08,Motor vehicle (road)
3,307,/m/0k4j,Car
8,308,/m/0912c9,"Vehicle horn, car horn, honking"
8,310,/m/02mfyn,Car alarm
3,312,/m/07rknqz,Skidding
3,313,/m/0h9mv,Tire squeal
3,314,/t/dd00134,Car passing by
3,315,/m/0ltv,"Race car, auto racing"
3,316,/m/07r04,Truck
3,317,/m/0gvgw0,Air brake
8,318,/m/05x_td,"Air horn, truck horn"
8,319,/m/02rhddq,Reversing beeps
2,322,/m/03j1ly,Emergency vehicle
2,323,/m/04qvtq,Police car (siren)
2,324,/m/012n7d,Ambulance (siren)
2,325,/m/012ndj,"Fire engine, fire truck (siren)"
3,326,/m/04_sv,Motorcycle
3,328,/m/06d_3,Rail transport
3,329,/m/07jdr,Train
3,330,/m/04zmvq,Train whistle
8,331,/m/0284vy3,Train horn
3,332,/m/01g50p,"Railroad car, train wagon"
3,333,/t/dd00048,Train wheels squealing
3,334,/m/0195fx,"Subway, metro, underground"
3,341,/m/0199g,Bicycle
1,346,/m/01yg9g,Lawn mower
1,347,/m/01j4z9,Chainsaw
2,388,/m/07pp_mv,Alarm
2,396,/m/03kmc9,Siren
2,397,/m/0dgbq,Civil defense siren
2,398,/m/030rvx,Buzzer
2,399,/m/01y3hg,"Smoke detector, smoke alarm"
2,400,/m/0c3f7m,Fire alarm
2,401,/m/04fq5q,Foghorn
2,402,/m/0l156k,Whistle
1,419,/m/03l9g,Hammer
1,420,/m/03p19w,Jackhammer
1,421,/m/01b82r,Sawing
1,424,/m/0_ksk,Power tool
1,425,/m/01d380,Drill
6,426,/m/014zdl,Explosion
6,434,/m/07qsvvw,"Burst, pop"
6,435,/m/07pxg6y,Eruption
6,436,/m/07qqyl4,Boom
1,443,/m/07rn7sz,Shatter